Feature,Correlation,Abs_Correlation
study_hours,0.7622673295024417,0.7622673295024417
class_attendance,0.3609540874687529,0.3609540874687529
sleep_hours,0.16740997041768946,0.16740997041768946
age,0.01047241129748402,0.01047241129748402
