{
  "task_type": "regression",
  "timestamp": "2026-01-14 23:38:49",
  "hyperparameters": {
    "xgboost": {
      "max_depth": 8,
      "learning_rate": 0.12449778916714217,
      "min_child_weight": 2,
      "subsample": 0.9979534750645414,
      "colsample_bytree": 0.8000019904656703,
      "gamma": 0.045799100222398095,
      "reg_alpha": 4.200183853418072,
      "reg_lambda": 0.008095676151642993
    },
    "catboost": {
      "bootstrap_type": "Bernoulli",
      "iterations": 1854,
      "learning_rate": 0.07390623943661642,
      "depth": 6,
      "l2_leaf_reg": 1.7125849259782566,
      "random_strength": 0.2886430601975937
    },
    "lightgbm": {
      "num_leaves": 133,
      "learning_rate": 0.13704339871765167,
      "max_depth": 12,
      "min_data_in_leaf": 61,
      "feature_fraction": 0.5873235196554198,
      "bagging_fraction": 0.921219255365293,
      "bagging_freq": 4,
      "lambda_l1": 1.0912335628377021,
      "lambda_l2": 0.00569213402841385
    }
  },
  "additional_info": {
    "cv_scores": {
      "catboost": {
        "mean": 8.778157450957943,
        "std": 0.012071624174548561
      },
      "lightgbm": {
        "mean": 8.773000161576444,
        "std": 0.011551244518869436
      },
      "xgboost": {
        "mean": 8.785002395468531,
        "std": 0.01303727955418388
      }
    },
    "is_optimized": false,
    "note": "기본 파라미터"
  }
}