Feature,Correlation,Abs_Correlation
study_hours,0.76226733,0.76226733
class_attendance,0.360954087,0.360954087
sleep_hours,0.16740997,0.16740997
age,0.010472411,0.010472411
